x1,x2,x3,y
-0.13351599200261277,-0.08221185886513216,-0.5237328812778874,0.6202203854938876
-1.0,1.0,0.9306985972888646,10.306113001384151
1.0,-1.0,-0.2867133324748532,-9.952885522775455
0.008911571211762226,0.14740489192999973,-0.14307826527776624,-0.16492952369202718
0.11721628919117433,1.0,-1.0,4.3914392306270384
0.9898802572384209,-0.826826711865686,-0.1974235939930793,-0.17727951396175198
-0.3494372892926929,0.5095255497367357,0.8819268494019297,1.396994268797751
0.4327368531154294,-0.410401083364037,0.37797924953875617,0.5022543618695184
-1.0,0.302154416551893,0.016904921670740647,-4.483821841857213
-0.8190019840264362,-0.9766014127401168,0.5558144887984855,6.843307667765048
-0.1756020903233626,-0.5418775830396778,0.6613513718088304,-0.16420959303027088
0.353906454702668,-0.04074310888535293,0.3580375988094955,1.6179377954745537
-0.4097139700369885,-1.0,-1.0,-13.23022832179956
-1.0,0.7295142270499413,-1.0,19.774347499048556
-0.09609765459778186,1.0,-1.0,2.8579556896915075
-0.9049104281730134,0.3056913426925254,-0.30497371751962055,-2.7636192926216347
0.9998597709998591,-0.8719206871030429,-0.7274556907294998,-2.506061758453893
0.6223120964422972,-0.9125961647237057,0.029809444768339244,-0.3278997557757426
-0.6632659067516553,1.0,1.0,16.10786336467796
1.0,0.7081275966703922,0.001620903274143215,7.3351574823071815
0.5278881193606177,-0.5680163342459432,0.3784667955503389,0.47243063905151905
1.0,0.5062920997941442,-0.19450143048905155,5.113544867048211
-0.10103258715634778,-0.10978296744801708,0.8998757207344126,-0.006040755986588542
-0.33344316079599423,-0.35234738013790845,-0.5564114751994025,0.9721962911373936
-1.0,1.0,0.6555758942197452,2.2817536677262438
-0.03058005183304613,0.6542429406317569,0.17187723896904883,0.7169380387254869
0.29389710906799316,-0.4368808865669924,-0.94267303329999,-3.9275605661654587
-1.0,-0.3742768761292954,1.0,6.25894033850466
0.3572436076171046,0.3407647846896136,1.0,2.281317145209993
1.0,0.2509656700014349,0.1894098535054649,5.138160917482171
-0.4414747057576527,1.0,-1.0,0.8565396728874658
0.4761411925410721,-0.8598815320405895,0.15246960053654557,0.6747576647856552
-1.0,0.807390558096702,0.8024581139042712,0.2579553003003524
0.5394022204131503,-1.0,-0.7059440146676026,-7.947745132869587
0.315518175908192,0.6652334868739862,-0.04466640871884797,1.5999743152776371
0.6367963642132171,0.412440672420473,-0.3819594956779213,1.2200630476351932
0.25915418498463816,-1.0,0.2312754386821434,0.6432826949941401
-0.2430982879480681,-0.24995063009550655,-0.8279232639209246,-0.848071885501345
1.0,0.3609294766814144,-0.22293469809056132,5.5665213119878825
-0.2644053398678512,0.3838565634443176,-0.8806234557944292,-1.5425414589297688
-0.5253495754645714,-0.8057222910315773,0.396067662189711,2.805899522377296
0.48125985960470996,0.41304393208690393,-0.47260523610424743,1.2464235307625209
-0.7750912127297949,-1.0,-0.25084994490098156,5.419729322024905
0.21597619405981394,0.4710633258435728,-0.1382237389557155,0.13017529121643512
-0.6292634516173183,0.1890010941565754,0.593682210108115,-1.6767643170477318
-1.0,-0.41502216655118795,-0.11922191248189073,-2.2610385205374968
-0.21677383698716057,0.9631392960687426,0.3466685412012953,5.78775687947396
-0.4077091554714418,0.5151060413460096,0.4975015972728025,-0.6964983875125856
-0.9556749624300627,-0.07876436082677007,1.0,4.537551519754533
-0.4071641694585233,0.803167128144477,-0.16991832442656274,0.5753949130474103
0.34905146167560464,0.34523117910125545,1.0,1.7756935230870654
0.43569460941503,1.0,-0.03172587210273781,8.355174925241494
0.20320747675431527,0.506891178550219,0.7458069432719052,0.8926219168853873
1.0,-0.6473757279973567,-0.8795836768830787,3.252802012799189
-1.0,1.0,-0.5130218502160351,13.136309726138716
-0.05601080838631223,0.05015170346883879,-1.0,-3.095312701128032
-0.34662807057537437,-0.2614579070685157,1.0,0.4155341456697776
-0.21387418221348975,-0.5010341262860638,0.42180306253428457,0.2876217520455677
0.68564905886297,0.8258771444550264,-0.6003170296653424,3.9825287426603198
-0.34319858313570295,-0.30401232802308575,-1.0,-2.794850910825011
-1.0,0.13101183831905283,0.5056381833708781,-4.391711762083459
0.7598856129204099,-1.0,0.08945336082372068,-2.366583336332657
-0.5674950000178454,-1.0,-1.0,-10.16335467097249
0.9154564431258374,0.08240551436006505,1.0,8.590890834039596
-0.35560887912431793,-0.75837736169338,0.5021441113719194,1.1732533946919488
-0.46008872790539024,0.5374615458433021,0.42065240233016454,-0.701713558181293
1.0,-0.5405623098948062,-1.0,1.5808888954693763
0.9496254919525442,0.5505147685989364,-0.5202298340957532,4.307433080878469
-0.032795308577985294,0.41343336876498826,-1.0,-3.1850785259416137
1.0,-0.2648053489298354,-0.26920762952619137,4.394925419591216
1.0,0.04909644692040538,0.06364430229271734,4.3985890101886325
0.27102586136024853,1.0,-0.25481766110409243,8.953888265194001
-0.41233631473425847,0.545069187858463,-0.43560199832218394,-0.6031061558607002
-0.950190845848959,-0.6664881295753278,0.61104234525332,4.232342177130403
-0.2131786841126626,-0.5176496310673548,0.543389737385553,1.0972392094360361
-0.10697634340562301,0.6573739845146014,1.0,5.347319130680876
-1.0,0.5212606096216101,-0.3296288133584637,0.05999586655283384
-0.20564881615315778,0.19755189900384118,-0.7796240697566217,-0.6164536411689412
-1.0,-0.11165912973622061,0.7722953752824262,-1.3047833978106396
1.0,0.9319718170069737,-0.20232904882836955,12.148029529797814
0.28375957380239347,-0.22028205695071512,0.919898765988123,-0.8430966428885993
-1.0,0.9877114810811778,0.8686158240295379,6.150284200435414
-0.0776569819814168,1.0,0.49339317746865285,8.01920870518339
-0.42530173236060964,0.04936205359459711,-0.9517562871199696,-1.29006824645269
1.0,-0.780461881015498,0.2459908233266499,0.7925730546305962
1.0,0.27307175375472226,0.8679732730935503,13.25683706768352
-1.0,-0.9713838663603054,-1.0,3.7289403057545423
1.0,-1.0,0.20094940355130952,-8.089991029309203
0.4661369361616252,-1.0,-0.30186071584261476,-0.41720567290975813
1.0,-1.0,-0.7142399425252246,-13.936362814089637
0.21914380906069653,-1.0,0.5813800454193603,-0.24123176936348062
-0.3865314022461894,0.24085109770172464,0.36861009767045627,-1.1710600183846398
0.3847253418333785,-0.6284866615982418,-0.0383312940189684,1.1295403320511934
-1.0,0.5716664266827345,0.9845492330927279,4.943792022937868
0.6411338138356826,-0.5036722542944378,-1.0,-6.449903069701959
-1.0,-0.4865446826002344,-0.9082390468095387,3.4272730820685298
1.0,-0.5403142182055418,-0.9522658948267464,3.1525212863510372
-0.7488043995725806,-0.3848094332691341,0.6404459031550724,0.8853678701048269
-0.34821185807777133,0.541969984972015,-1.0,-3.875926004406944
0.6130407531221351,1.0,-0.8228198191620837,12.1051469073586
0.04734978232939002,0.037062243661560856,0.31833416092135036,-0.2950369045425819
-1.0,-1.0,-1.0,3.065935073495645
0.15123629099386404,-0.19643477648656615,-0.015599736608445935,1.0768486844062926
-0.010654448671325367,-0.16954603783778266,0.9634242122554413,-0.3160748808021896
1.0,-1.0,0.2717539528156405,-7.569783081907069
0.055987657676101144,-0.8183915390610228,1.0,-3.693719859774746
0.3363349324289755,-0.053916876800176095,-0.7138610755535517,1.1433588110987156
-1.0,-0.5991513941043172,0.2780621368938929,0.939773666227742
-0.2661265238136552,-0.0022169904175595168,-1.0,-2.615246504006576
0.5985563700110155,-0.3655929974499299,0.8609577377907831,0.3003544137304535
-1.0,0.46774244987444624,-0.20830566444375798,-2.431675305335641
0.5404244529368447,-0.5052546445333823,0.20857193247086592,0.863216232654316
-0.8891856553329398,0.3178052975044905,0.7364844619395647,-2.603271168886982
0.3182394710967036,0.6358249531888136,0.03752090621830395,1.1466739207534382
-0.3741143773486053,-0.3884642661936015,-0.22803772226246388,0.5433346705922923
-0.4796504747394894,0.5984184117157807,-1.0,-3.7381732644141996
-0.5486782488785842,-0.4715464873359909,-1.0,-1.217121429566037
0.21318698287715176,0.763047241929766,-0.658428354049698,1.7159289991418916
0.2730178847155018,-0.2976347800871981,0.025975308957899568,1.2530963207349592
-0.6796651900053599,0.16197021173628,-1.0,2.1417044292305123
1.0,-1.0,0.9551551512234766,-7.449021812275011
0.18306683990728034,-0.05540727477685614,1.0,-1.4325057866395614
-0.40146043539598697,-0.7163276537257914,1.0,0.4066556703946529
-0.7897890245640564,-0.3752607137915154,-1.0,3.2618075628629395
-1.0,0.5199916943414411,-0.8825814374306551,10.226728275418274
-1.0,0.3998695930304268,1.0,3.6964706672538576
-0.9056002722502927,-0.9960864094911666,-0.39326435694248785,5.580588470889119
-0.19551837949193418,0.5869971179233247,1.0,5.24124262664911
-0.005426753420873398,0.39529784527333023,0.60388757410202,0.45219124128796007
-0.43812695895192855,1.0,0.3313747447178579,5.676595533855855
0.3838186718623158,0.32955582860398236,0.7351239406077881,1.1620409584193592
0.9533750796837313,0.9493960980557932,-0.29772901532768214,12.187895889359305
-0.3032926851035276,-0.5634011344599046,-0.7740967979502538,-0.8857648908118381
-0.6718739728026406,0.2572645856443936,0.2261582592921374,-1.8365849553505496
0.27432677771061464,0.03115019991952872,-0.31045683952591996,0.8492129628521263
0.1162285112969248,-0.48261601696880785,-0.0012500285268091105,0.8736998690870101
0.054127575052006716,0.23113897557992802,-0.5180729930594445,0.47566184797332206
-0.6210189300623266,-0.0027304144899014116,1.0,1.8047650164825848
0.9009745042230661,0.4273545849759164,-1.0,5.496534642663183
0.7514528331260166,-1.0,-0.7724265449060004,-12.77547553714492
0.6910428784529024,0.28089443234462785,0.20994939116675848,2.1903910088586676
-0.5391951911855295,-0.1293675143480959,-0.09425770725317717,-0.5345727949773161
-0.5493513292571655,-1.0,1.0,-1.949371438133022
-1.0,-0.4864178747445955,1.0,8.56930105396373
-1.0,-0.06196014616063272,0.35261574836404863,-4.4477147445229885
-0.6379398237772962,1.0,0.8117308627045352,8.009267844742386
0.6924096249454288,-1.0,0.6443708031680908,-1.444780867501834
-0.6047044545594558,0.10580533653958413,0.32069943629865505,-0.4461193809075279
1.0,-1.0,1.0,-9.004742699030313
-0.000359000849648794,-1.0,0.4098787852226198,1.2263673364853789
-0.20667517807331626,-0.572799003303176,-0.37950533373202666,0.7086543597708115
0.6757560869393828,-0.03826097993600652,0.35263994007676724,2.2875290511376303
0.5217058246186392,0.6800001830653979,1.0,5.671631720568787
-0.27466691077286964,0.6878560998669725,-0.9452536529965625,-2.7369994084266205
-1.0,0.46471078009197786,-0.35490544676867986,-0.8342037475218822
-0.0629406068695082,-0.08235640622611617,0.40785876280068045,0.730043858567291
0.9084896018719475,-0.3347086635205414,-1.0,-0.8288358891099386
-0.5800868664482355,0.10874926742815738,1.0,1.7291853273491247
-0.19799162010211746,-0.6593530760662165,0.7243590511333076,0.42822615081241816
0.28932567415962374,0.3610002277621125,-0.7001378858525298,1.036175566338281
-0.7710537163376237,-1.0,-0.45967594028069203,3.9158503561358016
1.0,-0.30013817293438105,-0.8016503818173029,7.110135269094262
-1.0,0.24512411832885728,0.8889131235722654,-0.3656077171423883
-0.5372100335095547,-0.5562178881416986,-0.005721476114511015,1.2195426552137556
0.5998081329747083,-0.7634114820520861,-0.4411517742206994,1.0095992857944294
-0.47642763077447925,0.10271329681058106,-0.09425673233615406,-1.2505102737770901
-0.1809240233184326,0.1262342345492704,-0.6056882747522101,-0.038347206397309874
0.3515863330289899,0.11950222685699696,1.0,0.5472475728512347
-1.0,-0.7622227431590536,0.7359794290553268,9.444544575264207
0.41364547813362407,-0.5084691497512235,-0.5917997097504895,1.0584611663675345
0.973475992459647,0.8497474108885872,-0.7847451819831117,14.905644462703306
0.982951127421511,-1.0,-0.7924551445563219,-16.74140755233132
0.024580000097971455,-0.21052267253348522,0.9888194743696284,-0.5553906441236625
1.0,1.0,1.0,26.00566107323614
0.5556770159823621,0.8930384656268182,0.05535374290051687,3.5136301500087543
-1.0,0.85509107824616,0.07813685194288089,0.7826738263880624
-1.0,1.0,-0.06585068093501634,8.131484369323584
-0.7757813165622818,-0.5128462406847061,-0.06669513107946634,1.5486126333245065
1.0,0.3559699483244707,1.0,19.690746512428984
1.0,0.5020269570189582,-1.0,11.769741031494048
1.0,-1.0,0.34246465866225306,-7.035742542204034
1.0,0.39730867921929924,-0.40399003398754707,5.634077924477028
0.49049705137031885,-0.023291276512687586,-1.0,-2.3527301056339973
0.9185409549865748,0.9445968740920303,0.21920699242016028,8.759955441522097
1.0,1.0,0.8801229027467661,21.16230235913435
-0.7601868905131517,0.2952125721658456,-1.0,2.9155748357295743
0.7924172023721774,1.0,0.9295818284534316,13.309416003927444
0.821218832115078,-1.0,1.0,-7.361000310771641
-0.7649725674713956,0.1758357269568529,-0.7626866649976247,0.7911411065754612
0.6839305842227938,-0.7887243007887825,-0.6044564226574078,0.3155577969329187
0.6345514122813116,-0.5701973849876678,-1.0,-8.186823791428232
0.34168237506261523,0.02624639464210632,1.0,-0.060889171530744524
0.8707953924489746,-0.8520301315223975,1.0,-3.8523397061415876
-0.5182409494393263,0.6887626967184024,0.8729596554312831,2.5762755658057337
-0.8264722970433578,1.0,0.4966423159312914,2.479988418914411
1.0,-0.678697051972702,-0.5795418403618373,3.605242650016942
0.5823463250203693,0.3285506539522005,-0.7003078049576894,1.294929525589008
1.0,-0.03394891922692267,0.9657280151795387,10.632062525810934
-0.25367575802488385,-0.7826750577367947,0.0816108409372942,2.3795538701995387
0.9408201890641152,-0.06481084239578228,0.37485672894957633,4.172727352578891
-0.6990716291676573,-0.6746414724478293,0.5574832298718653,2.315627451905922
0.1389974566059884,-0.4418984348218169,0.013478977487047406,1.7801644830236132
0.09143063082959557,-0.403583926857882,1.0,-2.287172956844695
-0.31620332323339695,0.7062579545804375,0.6337319437697109,1.6614182008247305
-0.9056149215341531,-0.2311508764504362,-0.2710360096439126,-1.112466230197557
-0.1794743719856351,-0.9083978092271094,-0.7112303645717091,-1.6875175597913
-0.2410467637946252,-0.08205776974577139,-1.0,-1.9317501393512289
0.10859007416522237,-0.3191614526891202,-0.28625637758394396,1.3291830206979653
0.23207359043470954,-0.8987166272118854,-1.0,-13.221798579770857
1.0,1.0,-0.6595579310815776,24.467918013205253
1.0,-0.8823688682108599,-1.0,-13.830833982316012
-0.12269356399464137,1.0,-0.788254885829774,8.380504407388944
0.6906069279093141,1.0,0.7648340404528942,9.153516807870187
-0.7917598191130208,0.04445158507877078,1.0,3.194406586476137
0.34961834675168824,-0.05263753513133018,-0.2849740857597556,1.9220062317589977
-0.48963594289499635,1.0,1.0,15.54930504916296
-0.4391865400631363,-0.9873255184089242,-1.0,-12.358184615987236
-0.3541318140934604,-0.05114437338582878,1.0,0.5613910774278236
-0.705505674398403,0.043467292640711586,-1.0,2.3952605350716283
-0.7953009183463662,0.9684986261283646,-1.0,3.0917480764812995
1.0,-0.70323854917989,0.3542091820884812,2.558760680351559
0.5609599255056708,-0.31527017306463834,0.9472983923885205,-1.2819220687953787
-0.5679319175181177,1.0,0.36169688416122026,4.342467020088061
0.6685473879260455,-1.0,1.0,-6.568455918266859
0.943778412246622,-0.1835416960878664,-0.5717696886473942,3.3241860465252993
0.5645953117895657,0.8753122882386182,-1.0,1.1897598799572104
-0.7490440936192047,0.898884055275198,-0.8000940034460817,-0.26633094953667624
0.15056135229848233,-0.048724464219149555,-0.46460438147282423,1.2144032318888427
-1.0,0.7785375845896625,0.9006861457740107,3.792767697775214
0.8420685855589027,0.7728147944919916,-0.7378452038833438,5.498711719395577
0.011423938580392923,-0.6435375408691217,0.2350987611684534,0.5731665975515023
1.0,-1.0,-0.3852700436993126,-10.0162254880151
-1.0,0.431799526929588,0.8824185955433799,-0.2843583361894043
-1.0,0.776094391593773,0.002250164455185777,0.7894131777931821
-0.6615388671120961,0.2609377544938507,-0.31306190169776915,-1.7569847249970965
-1.0,-0.7868445800875756,1.0,15.147889297621067
-0.8741091421807712,-0.44028379044786026,0.2915809337465838,0.16239053630710343
-0.9095049258036829,-1.0,-0.7366367045055595,2.9162495468133525
-0.3696136649427286,-0.210953263104384,0.625425658058653,0.10991397469160509
-0.1151917413150656,-0.6311952211472258,0.36945170170809716,0.09893777858979758
0.7630417686939355,-1.0,-0.6628062464320226,-9.267529214919126
0.3086503525781823,-0.840942036520937,1.0,-4.489427908844092
-0.15503013965212142,-1.0,1.0,-6.603847908304787
1.0,-1.0,0.20423777653462016,-8.057324174387453
-0.815665173866801,0.9381991536879286,1.0,14.03986392373563
-1.0,0.6263550965718316,-0.27231706819428037,-0.44509921829233345
0.17314641759260452,-0.27499287754531343,0.9280301505179027,-0.7388784497775165
0.6550615865850327,-0.9724840500738012,0.24494150791346359,-1.2886081539756962
0.8006953249316997,0.09896745284206476,-1.0,0.5887517365648784
-1.0,-0.29230681006148673,0.005738895092543439,-3.535164139997221
1.0,-1.0,-1.0,-29.810901638852734
-0.3630062243222678,-1.0,0.7890349084399735,-0.24591774866075583
0.15163477043145468,-0.6220372021904101,-0.08584634282050874,1.4870184806141213
1.0,0.5642525290557396,1.0,23.449695238778634
-0.34180876220014045,-0.05587026222258418,-0.12514947510218466,0.45362628680013606
-0.6567691206924782,0.7734525542432988,-1.0,-2.5547911354439403
-0.2661436267092474,-0.2872651017942083,0.7250193703854366,0.7476695587203187
-1.0,-1.0,0.4647052512772898,11.42200712882331
-0.31021282024311714,1.0,-0.18424226231943241,6.811474658975079
0.5369215909844176,-0.7961990472421652,-0.018760383345314935,1.7600276453563228
-0.3964283973449576,-0.9435497538054713,1.0,-2.2370127567027636
0.5458724642105193,-0.24875497027795435,1.0,-2.2773770409405145
-0.39004271869756657,0.4034872476541538,-0.181267686005254,-0.8492350577654859
-1.0,0.6361884059717906,0.9232702487003137,2.591697703678744
-0.11099997944297746,-0.6657659289676392,1.0,-1.3072205152159455
0.19165229339684298,-0.6847707666963618,-0.3327935046373436,2.2902973846081567
-1.0,0.13183289892828376,0.6948469568624609,-3.1655302836445256
1.0,-0.2647254614585379,-1.0,4.792217757326615
-1.0,0.25677780329228805,-0.12237333414810392,-4.273136167601724
0.7373745386196537,1.0,0.9497217088187868,11.951215816416271
0.8367682984282909,0.8816851127172067,1.0,16.55079619176478
-0.7148890293714312,-0.7661285315449236,1.0,4.29535982646332
-0.951207410608572,0.23744981513866703,-0.048951095934777644,-4.367276701425473
0.4430526108355921,-1.0,-1.0,-20.738692098737978
-0.38128514883795606,0.13390390211772307,0.3261761231973519,-0.8840623645705951
0.5132921633362004,-0.34763127145004113,1.0,-2.277941353700273
0.583756456385097,-0.11001931938323928,-0.8378186697886765,-0.21221450742947812
1.0,1.0,-0.5351003228079891,21.220190692827476
0.286726931163398,0.8392475744528471,-1.0,-1.5706510008212486
-1.0,0.5536672760794203,-0.5521549084135708,2.317301138666756
-0.3798269369112426,0.5493951178970109,0.13156014885495182,-0.4350508306094474
0.6219121894922646,1.0,0.12232642040368868,7.446751200182384
0.9620966334615155,-0.5754332919912681,-0.6937942710032632,3.806977145507094
0.03860929568804594,0.4110277292414952,0.6309127795491665,-0.41783481679356566
-0.2759813026567264,0.08676482948067665,-0.34030609508635634,0.019682836405497686
-0.24840436129361576,-1.0,0.7802867127182882,-0.9123011950121552
1.0,0.2709027293149737,0.8668874534271322,13.524526016912308
-0.6381155516011126,-0.3260466228864096,0.03952170131684185,-0.03011838697308919
-1.0,-1.0,-0.27423791733883496,6.56917787984157
-0.9673652455797728,-0.11269419720359752,-0.00449671438864252,-3.3087074963595917
1.0,1.0,-1.0,40.02794642526032
1.0,-1.0,1.0,-8.705339978117758
-0.08266320123180759,-0.39327595026781736,-0.5964511617148915,0.12378690186760277
1.0,-0.49253874394281016,0.27440126307215684,3.604825884348027
0.3133248004208733,0.5013982688492469,1.0,3.627716802317125
0.25113353437307495,-1.0,-1.0,-19.65751857444588
1.0,-0.9163990062507246,-0.8553314811302988,-8.19343059037142
0.3997088976355878,-1.0,0.4760767949009841,0.5120721734274326
-0.22278737987316588,0.1503391663900302,1.0,1.7445236415500542
0.5103009780786274,0.15428496890850352,0.23143785102379288,1.5473114527390828
0.8697751731963634,-1.0,-0.8814533184068245,-19.652637743447713
-0.014592299671986941,0.07626284479813172,0.017107331228047418,0.7353605390687703
-1.0,-0.5658627698215069,-1.0,5.438858516987336
0.24894488073303012,-0.742592165055854,-0.8211571086365774,-1.68237949864141
-0.4344761979327265,-1.0,0.5833839079817609,1.9785080090658729
0.08549620812241243,0.2701355384089965,0.3419024372088295,0.8255603826961322
0.762865884557266,-0.078022912179734,0.579003205561019,2.8587512721186488
-1.0,0.30854070181242066,-0.46432374301559354,-1.1354361564479576
0.8117059165162788,-0.10265757310024992,-0.22422126929575836,2.360548211689098
0.2276987116281315,-1.0,-0.11593810299078422,1.8606708102248937
0.80093524979718,-0.2603820271843533,-0.8240569379896323,1.9508413152739505
0.578892028275269,-0.8043270069545627,-1.0,-12.322062810367637
0.19529139049186006,0.08931329255853848,0.5154163375911449,1.1295380708531297
0.15072801484085452,1.0,-0.42484444808688604,10.121352865995817
1.0,0.31416788701030707,0.5023106760465028,8.534164189553008
-0.056528244339959066,0.3138491748444787,1.0,2.5669070538038903
-0.2947923509591568,0.5778934387456245,-0.535331946754267,-0.22166949426380295
0.3873196381922879,0.7085357519915216,0.6674716648841983,2.6538225228676953
0.7624327466693088,0.22592275305362453,-1.0,0.09870964424354253
0.6094959916200908,-1.0,-0.7170826480390566,-8.73664598679056
-0.6337127757235919,1.0,0.9902698056903911,15.207440267235954
0.19546200132529612,-0.5884405518461633,-0.9418946815469709,-3.8839551473795475
-0.4426693722701063,1.0,0.2708216269479051,5.513125914970468
0.470414294379474,0.4238174204217977,1.0,3.322765177553027
-0.26833663344341363,-0.5136070429899993,0.5733638303741893,0.2393947164947876
-1.0,-0.1323154458196425,1.0,3.716240804540973
-1.0,0.06921803457024933,-0.483141830465595,-2.518042923981009
-0.9017166341789613,-0.8495574122369789,0.23449455094096816,4.964084239844851
1.0,0.9818839633547607,0.8812598582150661,20.518455724369115
-0.19718035615820018,-0.36250556628304054,1.0,-0.04511263125123571
0.704304283983469,0.37998512517827443,0.7690532966432353,3.3940592057194356
0.9157292108886155,-0.1931399224964705,0.9204508601667816,4.870278819429929
0.040229643004393356,1.0,-0.2704249038690687,8.284500697837146
1.0,0.18515301054280608,0.9420226828303115,14.017037665517936
0.7100783125183869,-1.0,0.5545411074397142,-2.436865025471871
0.5745236319888971,-0.2628639575723293,1.0,-1.7940282534605672
1.0,-0.3762868500665224,-0.23813671791615332,4.323706181823858
-0.3227413438240121,1.0,0.3257505656581725,7.026562661117611
-1.0,1.0,1.0,16.9963865939503
0.3139925898078477,1.0,-0.7736407063607154,10.351933551457375
0.4019663058572245,0.016142704622739146,-0.6815522937069554,0.6586419695968163
0.3505512690093111,-0.6942014446038991,-0.3199422904025224,1.9821726605772612
0.7850249435929171,0.25623508998416744,0.6886371227283097,4.358738346551281
-0.49852158423816983,-0.638170689563688,-1.0,-4.209453643613457
-1.0,0.17699943234208293,1.0,2.9376601503393616
1.0,0.25036828980063186,0.9327254350263565,15.533437871790982
0.3257061592701036,-0.11515165080319334,0.4793614025950088,1.0809799199932542
0.816627108501045,0.6685490363249336,0.8562789693544994,9.532136450672061
-0.7703279216317631,-0.35646515408905066,-0.5682116929275443,1.2560573965108055
0.799799317866914,-0.33009434139351224,-0.4304338615691552,1.4913694001036302
1.0,-1.0,-0.6595518188660361,-14.153743895092077
-1.0,-1.0,-0.32384143342051286,5.371809838914464
1.0,-0.6964766696965228,-0.594669488034463,2.647735987705691
0.9166340809458473,-0.03413918822570694,0.762387436944316,6.385393566236819
-1.0,1.0,1.0,18.031371653811934
-0.27990988975623154,-1.0,0.03074500488381804,3.335171809858018
0.27877842721312573,-0.5673101718929388,1.0,-3.3343680499728263
0.15027705686643467,-1.0,0.7963305674626042,-2.4110275379580557
1.0,0.5231615651632879,0.5719239715803166,10.347580443770337
-0.4387710577657127,1.0,-0.8333695059421791,3.9658732478502197
-0.8872838275975274,0.4543053073425547,0.22061989361699408,-4.625472246533993
0.21688698177718324,-0.9303746445772174,0.08703411688295115,1.1931815752347892
-0.4255053563893383,0.3251412471419659,-0.4119649309321176,-0.31366276863315595
1.0,0.02441950678305327,-0.15652997285581183,4.161337408794596
-1.0,-0.8836770690807674,-0.36011152875542485,4.158713297034156
-0.08702225776505412,0.7510671302671565,-0.45285397455710874,1.1984384720496528
0.22433318646115685,0.5038207261066636,-0.22777222436720712,0.5345231028500481
1.0,1.0,0.08469239190154187,14.044231930746623
-0.13079843937421298,-0.47764832426444803,-0.7299953434604274,-0.13382239852659997
0.7942405190200932,1.0,-1.0,16.467384574968346
0.3476736386954349,0.8321422457222958,-0.7316286492932378,3.440675150044445
-0.6164060465631205,0.8400703447423805,1.0,10.815336768184057
-0.015829025396763674,0.06222509200105275,-1.0,-2.891337319419484
-0.2959401819654679,-1.0,-0.5006733718365484,0.8391591070705896
0.3135280355536727,1.0,0.6075808330499017,7.303787164845584
-0.12170870747098794,-0.638549173307287,0.06879410955065768,0.5559796890572565
-0.6734283976600048,-0.6903468328607074,-0.8602306101789319,0.793633112387371
-0.384014852798064,0.6342544046377718,-0.9308304422697791,-1.8033652871072479
1.0,-0.37704943789479084,-0.6101790497203579,5.691090036279463
0.48730608101929596,-0.11356308414844052,0.9247045372013365,-0.6670642274055607
0.35469831816585096,0.19627508902709145,-1.0,-2.3865307194375753
0.10478176336499101,0.5296124358599328,-1.0,-3.6176953460591035
-0.42007777082681663,-0.07388421854480076,-0.10039367660557641,0.1527656677195492
1.0,-0.3986247997631467,1.0,5.677733380668421
1.0,-0.24794063113404108,-0.4260227546503208,3.9184059939730362
-1.0,-0.4127441792129798,-0.9232478897718417,3.900325234686197
-0.3525768023851168,-1.0,1.0,-4.3362357137464755
0.3945876328645259,0.5959307345639528,1.0,4.472873247366706
-1.0,1.0,0.7488600799885288,2.5416424251332224
-0.003970954193100562,1.0,0.14602951505181316,6.71550294272947
-0.8890436568240045,0.06223677711265241,0.45775396037402993,-2.1062675727061824
-0.23762322105163292,0.3005121896328167,-0.2430307151017579,0.5614586651206761
0.046616713427906076,-0.1489798391676005,0.5345763881325387,0.12512532770137985
1.0,-1.0,-0.566640947197868,-12.095910474316154
-0.6016966455519239,-1.0,-0.47656209280365136,2.0199911302461686
0.15290487487376536,-1.0,1.0,-7.008063604029724
-0.15499777506238388,1.0,-1.0,2.4273738783787
-0.1183385522294349,0.3126409308065601,0.37594707526726756,-0.39641583737590297
-0.5204554772045904,-0.399845399578189,-0.8466722643180615,0.5893186689082026
1.0,0.14786317202954335,0.1797997349460243,5.873935530242457
-0.5612915838142047,-1.0,0.6462783038865676,2.5823206673001815
-0.5381576531878143,-1.0,-0.3009358155755424,3.838145329572284
-0.5236758204126126,0.5572243466576854,-1.0,-3.3682610643410795
-0.1372134839125414,-1.0,-1.0,-15.988473646877548
-0.8680182952027924,0.5695149127916057,0.19425239481134082,-3.4877537150925475
0.11251200260099914,0.47870932153954393,0.6986823688372494,0.7985832635321412
1.0,-1.0,0.266837798452197,-7.642021296108387
1.0,-0.7047498670234724,-0.4137597750834474,2.1214251388594216
-0.38061106194755734,0.49009892073722905,-0.013829849167993569,-0.8448512522793776
-0.5784038536190905,0.3640014197762689,1.0,3.694154199551469
0.04099505444029283,-0.3559900436588259,0.16173316721140907,1.447027691376885
-1.0,-1.0,0.5726418723716353,13.323631950087165
0.25597230351126044,-0.2337048985809822,-0.33395968138675447,1.6693019935551994
0.9126031000246246,-0.25280775459722804,0.8481979654210376,4.324900370243872
-0.8716673592099695,0.20378510479246925,-0.35280496302145736,-2.117008317879516
0.6262501940345344,-0.44634281251167307,-0.9394252120425686,-2.719945336159851
-0.2665046412420644,-0.029618625899538786,0.8861814060483908,-0.16833844745139295
0.7628543359521172,0.5940415486615411,-1.0,0.8560145424623637
0.2923613941715888,-0.414792696361308,-0.6479043506041287,0.5625246509170556
-0.939795808349748,0.08817759216941146,-1.0,11.270384457078563
1.0,-0.851254112737817,0.4330457814374824,-0.8367384984385136
-0.12113305603948787,-0.011627693256237803,-0.010659053237747296,0.5627648747527811
0.821062089982961,-0.41075942243530017,1.0,-0.3845904444919842
0.10665580900592442,-0.4917514041100659,0.09177547379887385,1.0677903503809896
-1.0,0.3559312277635789,-0.25920104415674383,-2.3357180902696295
0.8184971136437078,-0.010781364577323815,-1.0,0.7051829318649327
0.9085990837844022,-0.04910402016142257,1.0,6.662509515529575
0.6874382505172703,1.0,1.0,12.044259496143864
1.0,-0.9849362044474868,-0.44563147364733524,-8.218465749366302
-0.024260601177445107,1.0,-0.3593308032335527,9.15962273901293
1.0,0.922488898944982,-0.01012770713163258,11.334861227208982
-0.19232657554049992,0.9567094716796012,0.24582323285526297,5.558927019211539
0.19591389401691783,-0.13405718437810799,0.4097009906404194,0.6306731880719987
-0.6882467282714217,1.0,-1.0,0.2572779093855472
0.4990994481680129,0.8752853495105775,0.13605715587547973,3.52915659289175
-1.0,-1.0,0.5826672426528219,13.941744484721399
-0.6500644781615408,-1.0,-0.4897621680144386,2.7225682262559485
-1.0,-0.23206429362535164,-1.0,8.035960654599215
0.8388058778036187,1.0,-1.0,19.608563407670285
0.14598273170620657,-0.6500354763984832,0.02926642432725135,0.3013135952804109
0.9916801420987631,-0.936351436260566,1.0,-5.670446001162813
1.0,1.0,-0.980749038363177,38.35668268518998
0.03564509501690516,0.9374943418119137,-0.3796482389597906,6.587436281643351
-0.23887666484776893,-0.7390618522380246,0.9719635722753013,-1.3241425274677552
0.08611669469383343,-0.28768220370085196,-1.0,-4.368671262997324
-1.0,-0.9950588611991074,-0.1811424738135432,7.052525250788232
0.1416529928237611,0.2597079623382281,-1.0,-2.8300073186897405
1.0,-1.0,-0.7246131931421167,-15.057795333687343
0.174252931385251,-0.8886805033420897,-1.0,-13.115020430299445
-0.7408783944870065,-1.0,1.0,4.070883815862352
0.1479328715896806,0.05164396255407655,0.3634764630474214,1.1949232736219193
-0.6293444095030547,-0.6160704046121166,-0.3500565376271776,1.7346549714379031
-0.18399660419416453,-1.0,-0.47208482632840965,0.763142597649733
0.7021074904900697,-0.06402626324724747,-1.0,-1.812330752996916
1.0,-0.48764819983271535,-0.5992048778703469,5.3471261869589295
-1.0,0.32716122627453514,1.0,3.616322919355972
0.7040353390654854,-0.29136416931602005,-0.6498163419750804,1.751634222247067
1.0,1.0,0.43073075745197764,13.17597643709459
-1.0,-0.7182841862715843,0.0869219007130444,2.199025935510004
1.0,1.0,-0.16330264873043032,15.10665968130036
-0.8442814163137164,0.3476428663705988,0.23006822861795295,-3.0611084037081184
0.8356358173408232,0.07502343303411596,-0.38312842295670935,2.3199046643057475
0.32919664836182716,0.5096401122541991,-0.001525678791654217,0.8622808343290141
0.4010888137964441,1.0,1.0,9.926547518646458
1.0,0.04844521239485755,0.9128270832106156,11.186685140934586
-0.8242925791580606,0.5428636476285,0.8166435398721501,0.142960012082885
-0.47521705218142163,0.0624585414175205,-0.7309057712294236,-0.10709703334131931
0.1312938260024319,-0.09311675249727913,0.03970177447812007,0.8162608013684163
1.0,0.4426086410708605,-0.15930736663288902,5.423262093269871
0.10470477256429844,-0.9612786709937511,1.0,-6.386255893686127
0.47814830165088273,-0.4061151791855304,0.9634564420963423,-2.0106726718240457
0.1377692079376267,-0.6354165043865931,-0.5240371701064148,1.4624842319903062
-0.04416189015000893,-1.0,-0.9637251206117521,-13.509214212806436
-1.0,0.548706242469029,1.0,5.612593135418855
1.0,-0.25415029664240385,0.8491462432457069,8.24104945635566
-0.8234509892855644,-0.5706522742524502,1.0,5.0466643800994
-0.6055333407386643,-0.8637253315610798,0.4185967707931384,3.2542761435184344
0.5651138335124191,1.0,0.7840455159479429,9.656205631903088
0.449195710269483,0.27975891802075314,0.49926395594594064,1.113986273972447
0.11957037263775638,0.19145488180781833,0.07238736315357719,1.2391400650754978
-1.0,0.6712345913189928,0.013525267254628437,-1.6483973938910592
-1.0,-0.8127439469864797,1.0,17.242404337641236
1.0,1.0,0.8812263170829158,21.48573142207247
-1.0,-0.8345782467406608,0.09876851368481954,4.372942541901928
-1.0,0.2344323229176697,-0.44012162096569285,-2.381257452410649
0.9658727142839334,-0.07366079940430326,-0.27402127941863386,4.030835689091444
-1.0,1.0,0.08754719342013972,7.0356984935662235
0.19938462305002935,-1.0,0.2504751592507317,1.2839501664059163
-0.5711762258039479,1.0,0.20708565240225907,5.867286134570517
0.1849861539471236,1.0,1.0,10.937777277505079
0.23991398653334928,0.462515272896328,0.15952647896898942,1.3995764149636973
-1.0,-0.26890115770801626,-0.36786264088383214,-2.427801388433066
-1.0,0.14244415139042,-0.4284515837647882,-1.876442945927171
0.14771319117924153,1.0,0.5371186581807539,7.438205102658255
-1.0,-0.7884134480963689,-0.9464329719897078,3.626104184125084
-0.059819970782522214,0.5455302681246443,0.040837511704522544,0.0916485896316277
-0.05050704424879027,-1.0,-0.02447602954942618,3.323311462309186
-0.6156615436050934,-0.46318022779715107,-0.7701577111638924,-0.5329703868235885
0.17065097353749858,0.2124267539979212,0.20133674867987428,0.740818755650609
1.0,-1.0,-0.07053746107436609,-8.56862999827717
-0.3217874027302803,1.0,-1.0,1.9345693602776415
0.45064612861737596,0.24386844300128452,-0.5884974381916137,0.6714010548671794
-1.0,0.2273137654208135,1.0,3.573759553798081
-0.21303881749623343,-0.7158777870539332,-0.022035850733982176,1.4165097946063907
-0.8168163492343796,-0.516071626902159,-0.23073617100339439,0.2742536631306528
-0.9143224753508334,-0.6916196210977816,-0.7459367607888447,2.6556585610948127
-0.19543107753907774,1.0,0.08034760077509451,7.771049568463059
0.18782541896103822,-0.5261300832396703,-1.0,-6.1338970965725235
-0.9705362380111544,0.057057348461591495,0.0606175723738025,-3.7386580890308347
-1.0,0.18530888129605105,1.0,3.3488106087193046
0.7900642918186058,1.0,-1.0,16.228394231805193
0.35798096593450857,1.0,1.0,11.416400356653469
0.09795178564619333,0.130664658188828,-0.476880645151186,0.7554644998865032
-0.06151545817799531,0.17738867570526407,-0.7165323389837994,0.29408318514245535
1.0,-0.6310934241802564,-0.2299289116235732,3.073039634698027
-0.6450896407530571,-1.0,-0.6714312013108499,-0.05032886003277098
-0.18258534137955484,0.8911055551762461,-1.0,-1.8898883773920332
-0.274015664139295,-0.8570742611420781,1.0,-2.0219898800632996
-0.19941348012829208,0.682244830419434,-0.8606946337886257,-1.2644741184689665
-1.0,-1.0,0.1375504097690723,8.78153110337927
1.0,-0.6566098103499887,-0.549265199820177,4.585114931508912
0.13994921032326935,0.4631421973554626,0.002446504144204331,0.251277212142623
0.2779025952476011,0.9583095474302583,1.0,10.06339234665057
-0.31730981557124216,-1.0,0.024194164348433578,3.6818455190074424
1.0,-0.32554934995579266,1.0,7.11685156845871
-0.7607125015417959,0.39909663529859474,-0.6805449200191551,-0.9960563471124573
0.02558174125231849,-0.4064212839695671,-1.0,-5.073305476929449
0.4886643671933468,-1.0,-0.9826282250609524,-20.61772092917508
1.0,-0.9478442815092079,0.7751534561976685,-2.932206265344885
-0.8783925919364337,-0.1808466464750098,-0.07449711971604245,-1.7369036675650218
-0.281814942090292,-0.8390704237160787,1.0,-1.7498080200187291
0.8092052379621015,-0.5683058809873296,1.0,-1.5213558205717932
-0.5832587113766994,-1.0,-1.0,-10.301679563430222
-0.8181495359487694,0.4428700108744137,0.06448874461959231,-3.286559686862397
0.1298960695872997,-0.0653748171780304,1.0,-0.17475088321293658
-0.11913881430794437,0.5027601617975146,-0.42599701931714007,-0.5226613673797118
0.26174915369956087,0.8939401482881206,1.0,8.715152631671039
0.9607918139090317,0.1558071645216308,-0.8988113764272478,6.7668866391143165
0.8897106508775534,-0.22264633211984064,-1.0,0.6896074003613729
0.24397400941865177,1.0,-0.304805087710043,9.998569726204193
-0.45816329398312483,0.5197502154637172,-1.0,-3.0588673077563944
1.0,0.16939235207553538,0.16253729099533376,5.316516798623092
-0.06373086097743541,-0.37858492499819585,0.9903186076848409,-1.2928484574909695
-0.7781763731785298,0.5590367285437388,-0.9605768959947802,2.494119893717787
0.36488918718885865,0.4925119801886513,-1.0,-2.3736941092040484
1.0,1.0,0.4202946201459643,13.561064675127065
0.16266622793971908,0.715022680634722,0.28903868737854777,1.541344275226434
0.7872083783328607,-0.4666349602929436,0.5810728871705428,2.2864539092374208
-0.5699847364266701,-0.670010160992714,-0.49522387441387483,1.5502924462931085
0.7311320697503965,0.12392784428306136,-0.13589221321028733,2.2920047914199566
1.0,-0.6971043615160282,-0.844201126604267,3.1315217569406153
-0.8778514965418174,-0.18259762159241033,0.8035585205491935,1.0565834693763083
0.6635465705109327,1.0,1.0,11.205622370390003
0.8866203939535933,0.22252431488327096,1.0,9.70976200497272
-1.0,-1.0,-0.16131699151701628,6.793467903938745
-0.4742300985732424,1.0,-0.2634776152496523,6.712372540913411
-0.14143766268892777,-0.7164255390912875,1.0,-1.52879988316564
-0.6703679643413212,1.0,0.04105422415729976,4.83911080857352
0.0570247097059664,-0.8186275826592722,0.426032241647893,2.070881682648202
1.0,0.14547989585222654,0.4588857991517912,6.115720424718227
-1.0,0.4461405621051602,0.47911278287627646,-4.39929409515125
0.7675057819010913,-0.1399996213734418,0.1254091309062877,1.8600632098067011
-1.0,1.0,-0.6836541437575407,12.652256120518146
0.8999383407285659,1.0,-0.4783252463743446,15.001770484868345
1.0,-0.0721541735367821,-0.9056097245892545,8.496551319188274
0.7841356597212821,-0.3327246750673112,1.0,0.4726732540972129
0.1972559999043768,0.401929411053481,-0.6485400108611905,0.7787483313052228
-0.33528252865081787,-0.04624090204433018,0.7479800765722335,0.3735810429040122
1.0,-0.3001171823707216,0.007986698809958614,4.673187668052128
-0.30211464960499046,-0.3906842650356428,0.7370246169629606,-0.075546425787962
-1.0,-0.4523225154145232,-0.2850927463717521,-1.1273465267939489
-0.34407357563915997,-0.010892833661159118,-0.5706512154482977,1.004821308638326
0.7435117354114311,0.4785668850264757,1.0,7.917382479707558
0.3140568165539628,-0.10828725188929966,-0.8604506117143598,-0.8321496807977549
0.041584953701915506,-0.7264976221074915,0.03755189021732508,1.4401448832854642
0.24990809390307556,-0.518444845807893,-1.0,-6.195102699817045
-0.5534823556678192,-0.06935958425496125,-1.0,0.3690162823799432
1.0,0.5374701238714819,0.5278673563507759,9.664830281823624
0.20779054702786737,0.16014757049450812,-0.03712133478676383,0.41732630451872776
0.8715639614597359,1.0,-0.7749512931543967,19.718046371121236
-0.6670304472619686,0.7965069517148404,-0.19779834942073027,-0.8621806007160662
0.4456860991856961,0.887860336638012,0.06263872469247,4.306569616775055
1.0,0.707689012011665,0.46614804699826085,10.675584276607433
0.14598045900788925,0.6334562513820603,-1.0,-3.507462681325228
-0.9038723076208508,-0.0014713153555729885,-0.12427490260639407,-3.2685423251928336
0.02852309120574259,-1.0,-0.4600622453214007,-0.16476254287097547
1.0,-1.0,0.23431182179203036,-7.565372724736783
1.0,0.22741833457735794,1.0,17.39470102471782
-0.5537907870343339,-0.8309234894735222,-1.0,-6.029975918250214
-0.27997762414747873,-1.0,-0.6699490371484684,-2.0414410592348093
1.0,-0.7704739320494753,0.46463798805424417,1.5160376680943715
0.7478533203663811,-0.3990678200063067,0.3697326232738569,1.2989469852635014
-0.22870161712348835,0.5482578667812807,-0.1667443262231536,-0.7118516511092943
0.0022440856185126368,0.581098185428776,-1.0,-4.147694123056342
0.10469469302829548,0.46884991961241185,-0.7600039562833214,-0.7417120727101547
0.20529500109146248,0.05929014574294533,-0.8319335484675272,-0.14684236811350193
-0.38065393670750924,0.8396240877805381,0.1170872468902453,1.0809827872471751
1.0,0.0554028469974972,-1.0,8.949234245102517
-0.8594115695673059,0.5529563891166009,1.0,5.03773650936771
0.35849987448682596,0.3699784663910122,-1.0,-2.333852229941818
-0.9476834213943808,-0.34338659827766627,0.7805383664779066,1.9231920290216742
0.03669532080873528,0.07605834076262696,-0.28152654645996233,1.2851603208509386
1.0,-1.0,0.7679360218156346,-6.248986836669742
0.77213946031413,1.0,-0.5101286738061386,12.667385937254739
-0.2008836763571491,0.1297653325382877,0.7338122307330559,-0.4980904907833124
-1.0,1.0,-0.1836491418085,9.442842406425084
-0.06128696707741321,-0.4178871335383145,0.9687187954583605,-0.7284801755426225
1.0,-1.0,-0.5140943958308932,-10.772581065137272
1.0,0.22637031054767975,-0.9722873747866316,10.045163864742348
-0.2433600660660742,0.8818669007812467,-0.3339304038193771,2.6888516880596827
0.16499999060894943,0.4362650073030909,-1.0,-3.355302958799215
-0.5117382024539623,0.9162169163276435,0.979141286989305,11.878598547730611
-0.04721185568615183,-1.0,0.745237375086935,-0.8624009604111404
1.0,-0.09410023646140409,-1.0,7.244228142605149
-0.41429876566070845,-0.12032795988216893,0.2647251409189231,-0.6939744801476679
0.10239486265815678,-1.0,0.12349201605023308,2.260432311489517
0.9471984052639404,0.37763340334486006,0.4818765789140842,7.407515082453059
1.0,0.4407601056254675,0.39363879824135495,7.710936010468774
-1.0,1.0,1.0,17.434969723809452
0.6923829746222019,1.0,-0.5756077875946122,12.003520042524755
-1.0,1.0,0.9156231464387732,9.176105454516831
-0.010019382558963619,-0.7993522332642593,-0.5574673365802134,0.5956861980485734
-1.0,0.4891955040044458,-0.6280066014590451,2.798073298910701
0.5683451958812724,-1.0,-0.2734220956028399,-1.4915233901996308
0.09474024038329132,-0.5105447284268767,0.044518370557363296,1.0547956300502874
1.0,-0.30198638024948954,0.4692238352710596,5.589467847877317
-0.28233364949416906,0.2420610640619063,-0.11060706887317284,-1.4169421863660514
1.0,-1.0,0.08456220497815359,-7.57724261123113
-1.0,-1.0,-0.9107827781981237,2.9010236512847984
0.026381451773390463,-0.7748009481465437,-0.9314701244912085,-6.083997424859624
0.8382546423305182,-1.0,-0.23826157131982195,-6.161011720631382
0.07868860158632662,-0.3114720632566639,0.2361815557836615,1.0849969525780865
-1.0,0.6541690477283348,-0.11157580084067487,-0.7777572647551545
-0.44640433240531374,0.7498534764069631,-1.0,-5.020350641633426
1.0,-0.35316991528645847,0.8105805024271744,6.928329212815734
1.0,-1.0,1.0,-9.613149120977656
-1.0,-0.8893434052543439,0.5974094685096818,10.64968349321769
-0.3586011852891613,-1.0,-1.0,-13.426215611875241
-0.42308191319642097,0.836407163926439,-0.15690525777166253,1.2470313858410589
0.2839489767807739,1.0,-0.33319369707635293,9.916823955070466
0.1423279497774277,1.0,0.3181647799776739,7.264817759407078
-0.35819358951890057,-0.31912327941003116,-0.7226665321766341,-0.4751730495589459
0.3496772300750024,-0.4803210042031567,0.8044204809614475,0.01734132857436632
0.3854496107751375,0.2506601012157714,-0.2867172582138673,1.023719079545044
-0.051424444198147956,-1.0,1.0,-6.104712358178435
-1.0,0.7926821488325133,0.2631427334001468,-1.0036436299103606
0.3676462670837277,1.0,1.0,10.039135641604243
-0.3430776622681022,-0.1583213824760743,0.32305310003517484,0.08796259230853369
-0.997921872339157,-0.252314755585326,-0.5478221531317342,-1.8291727269505844
-0.5586386593193728,0.143907477255669,0.5036304595763963,-1.5815208907543292
0.9005191247000632,1.0,0.9437892302079376,17.494162634591305
0.32734632021942356,1.0,-1.0,6.072804045737594
0.8767950121253103,-0.037011176841933446,-0.3809589153688848,2.6284315354208183
-0.44159252528050597,0.30229936154409054,-1.0,-1.886571608393606
-0.20585260589958,0.42824821522735923,-0.7812116480105957,-0.4058542662926915
-0.06926199711241221,0.7931758745156885,1.0,7.118950530289646
0.12992870566029957,-1.0,0.6617459918681203,-1.3176981411689357
-0.7337408470033235,-0.06836924131248834,0.9957721881036623,2.2435495343581384
-0.16284625056018176,-0.44338857589464054,-0.11972315996220817,1.0396541691663437
-0.5543052401711459,0.8915776859755478,0.03149375140459543,0.6577876559217198
0.4994861231742995,-1.0,0.2685355098901452,-0.7939476469185242
-1.0,0.1598187472037622,-0.6182707168401358,-0.9064796519099132
1.0,0.03172236990366728,1.0,12.097901976641111
0.8479269971210777,-0.606680870011912,0.01671191601427391,1.068385039524527
1.0,0.3043447551616405,1.0,18.7734747094241
0.0013543090005154745,1.0,-0.26760128686231255,8.602749877279884
-0.03695560020101496,-0.4015364900288434,0.6465201365390119,0.12013090122341816
-0.10013551453614,0.24260635006743314,0.926798968858211,1.0756568615760154
0.787652606706098,0.22447923829610317,0.09916994686821212,2.7346110789953975
-0.24832504174961634,0.15007875340746435,-0.3868191630656064,-0.9676689755520598
-0.9167859162719618,1.0,-0.6008244318127338,7.484998950834338
-0.6279105457193404,-0.3483322852922668,-0.4485456049708121,1.1917090393198666
0.45706276010811053,0.2394371793195933,0.48660553077685886,0.27839752397136885
-1.0,-0.6014651455903752,-0.04245510134505337,-0.38005808407897
-0.32921529023579943,-1.0,-0.07510908770852609,3.2587180817436185
0.6302642850027591,-0.9495355981736118,-0.23068493333091356,-0.10514757111264122
-0.9009925789142437,0.48982810168254876,0.9491442192024553,2.5245089457279435
-0.6193558711360314,-0.9328274361637667,1.0,1.8614143004948622
0.4368687389110968,0.08961342565893271,-0.8194481037932739,-0.08742347860395183
-0.7227349899563424,-0.23184891026543175,-1.0,2.1525805898345443
-1.0,-1.0,-0.038167314002890196,8.104747317716942
0.01862519365379156,0.04521210330772152,-1.0,-2.1431904168219607
0.05503116577563172,-1.0,0.20711692210670773,1.8211469897341663
0.3469437627077745,0.6713061533961517,-0.8439024478493098,-0.6752414725968461
1.0,1.0,-0.021502101424763165,14.83626338375377
0.43443659533989276,1.0,-0.30157517087565533,9.127199164734057
0.25552529299096816,-0.5173618276690295,1.0,-3.000771059025803
1.0,0.1782976799677245,-1.0,9.822519436851481
-0.508146539915558,0.05127951604906911,-1.0,-0.3919164499713822
-0.47358811865799244,-0.2293949411510643,0.017583138124412256,-0.08822183573463435
1.0,-1.0,-0.385251282155445,-10.250477449845059
0.04272542041168648,0.5941373968909338,0.07235078470509615,1.5699752890789331
-0.6568211230904091,-0.3834083447252241,0.3699783481037793,0.1565478522460993
0.9037585330845253,-0.18022144377200489,0.3390661388320013,3.5982452641412355
0.7424178590666024,-0.03624917867030053,0.7339756960644273,3.0306763145069695
1.0,-0.18687224034146266,1.0,9.094805234211856
-0.8360801632327657,-0.9571377014120943,-1.0,-1.469181967470048
0.5439471741625859,1.0,-1.0,8.377654511739072
0.12514573446838861,0.37736398334567967,-0.043955027939366786,0.26935558407067695
1.0,-0.8119493372056803,0.49900242881223233,1.4270514380271613
-0.1298418836370654,0.8134202604759158,-0.46709338054254235,1.2584030820901315
0.3038196483956743,-1.0,-0.81473984096166,-8.314870603966325
1.0,-0.5481308643323493,-0.24536415095603537,3.424373842655895
-0.3559820385627419,-0.2474575949918736,0.04987224658578371,0.1914362585537131
-0.19630238582815318,0.9969928167275364,-0.7999404068839964,6.968135795896594
-0.34986286085568774,0.6824985316506857,-1.0,-4.176788146086623
0.20328613374843285,-1.0,-0.5993452097767524,-2.4937299465612206
-0.007982992023007007,-0.41994759548717076,-0.6937819603170423,0.6977679038659564
0.9862620560626068,0.5165487666718289,-0.038076333929328854,5.816619994485017
0.17168179633434266,1.0,0.7488815017397763,8.968742969269464
-0.8967212369829398,-1.0,0.44011078285522287,8.778071944598764
1.0,-0.1279304149620244,-0.5863308448536912,6.072516527586036
-1.0,0.7811202141660087,-0.006706509116007009,0.9472125147471145
1.0,0.28762148285719613,0.31914880990182337,7.285211676730824
0.6648497363239039,-0.6068232459790215,0.7220444009124167,0.3485992398172626
0.4744035493021952,-0.4899547966733333,1.0,-2.5804713807374347
1.0,0.5254787600811643,-1.0,13.822837016698772
-0.1264903098806467,1.0,0.23504940644056793,7.6919840069936445
0.9565342745482484,0.504909556524068,0.4862750852313502,8.5727205176159
-0.6767481094497121,-0.3958328758400451,-0.9495598403180872,2.0874162069075237
0.6834164341854883,0.03932715802706577,0.948902493320485,2.3298016840445124
-0.34899401593668045,1.0,-0.10385072298390474,7.858046539194671
-0.30544462186011967,-0.12497688751027858,-0.08909214444373359,0.08065120038333276
0.24695120557825945,-1.0,0.8313277025342438,-3.4168744772271333
-0.5964836563858154,1.0,-0.7578522306472835,2.9154309736398947
0.9787670261258934,1.0,0.07748002282994682,13.493660732536485
-0.7798572613622203,-0.4354862285084049,1.0,3.7697472741103835
-1.0,0.4399227139764015,-1.0,16.20555270411545
-0.9010591998045445,-0.5431797439851562,0.7234021041655945,3.43004985501679
-1.0,0.8725360147433123,-0.9128802372136349,14.855060554807604
-1.0,-0.49926015287667114,-0.25526707648533353,-1.945476867780053
0.9322666457034994,1.0,-1.0,28.918156166322888
-1.0,-0.18186395688287504,-1.0,8.70484220499855
-0.6366473208004904,0.4514031981072557,-0.3652043998123786,-1.4040668826520855
-0.1161625509412012,0.8112867391276861,-0.018234855912900416,2.6281425549737647
0.5882843768154022,-0.6351093358233524,-0.1713110496603778,0.5612910569431049
-0.5642338174191177,0.8453328231686261,-0.6619517128719867,-0.6338298326871923
1.0,-0.11172889154578503,0.11705674822169176,4.877815485690844
-0.7089420639151556,0.23471202005655467,-0.6296751100420639,-0.2390477688091322
0.3594036343465643,-0.06196157042027406,0.2809486754356445,1.0001332852845888
-0.6326783662415714,-1.0,0.7502908791387193,3.4551064019448305
0.7076742803546727,1.0,0.02832948759411935,9.098240581456409
1.0,-1.0,0.6253926049988092,-6.474205118369211
1.0,-0.48861179760900386,-0.19838769943087642,3.322014525976684
-0.14596279660999967,-0.5451421754411316,1.0,-1.5728233887381722
0.4599620240542752,1.0,1.0,9.649351847557634
-1.0,-0.4738913782636065,-1.0,6.006325413090598
1.0,1.0,-0.41152264415418527,17.864341356370733
-1.0,0.5187126753517093,0.9008807975530762,0.53614070865616
0.010842749454643474,-0.0529883889818612,0.4457221049783371,0.2984238649318397
-0.5616064021939737,-1.0,-0.807311814274267,-4.346082553447288
0.9752895122316443,0.025467509863435156,-0.7377756608091834,5.581872441359695
-0.6513523106981447,0.7838023755893724,-1.0,-1.67936486416336
1.0,0.23078329929366603,0.38434612424512427,7.217203908076716
0.4976453417276505,0.9991274385373357,-0.19294055760489748,9.315752501286038
0.2907705301816319,0.2988375045545746,-0.2346283179496802,0.7592682094579386
-1.0,-1.0,-1.0,3.307872154753425
0.32395201502381243,-0.8644653278247318,0.4960353452190951,0.23599632789994618
1.0,1.0,-0.9328341295422162,36.21846103029604
0.9857118030018865,-1.0,0.24614821248028917,-6.960230145369809
-0.8689419516422241,0.08003100846944644,1.0,2.3845762634692518
0.7397287452506105,0.11294621647149694,1.0,4.532178025823862
-1.0,1.0,-0.37917517501334874,11.73719460819704
0.07733210143186464,-1.0,0.3834720554622937,1.5823157732936073
0.6558665344700474,1.0,-0.6635445341700135,12.656598731437748
1.0,-1.0,-0.32851631665725334,-10.002553893241515
-1.0,0.3988803159962806,-0.22751994184444446,-2.9677219035564373
-1.0,-0.11313745378855677,0.04451923022834725,-3.853128453453585
-0.47737321374299024,1.0,-0.18783500750271442,6.422231581179591
0.10242177083933002,0.33161546745775383,0.5078461914359109,0.3698257731082051
-0.25618007455179037,1.0,0.4962728230005784,7.629117254632802
0.7397249081429842,-0.02767638241101067,0.6172511436411035,1.9658038673231033
0.1773357486235283,1.0,-0.4905735357239658,10.382627213720433
-0.47736593875115907,0.29840697042385056,-1.0,-1.9850744110061207
0.8981546560499825,-0.5529624344033148,1.0,0.5113591707753885
0.15030770937903548,-0.8788645942254611,0.26115174916828243,1.3567088420166127
-0.12224260887074667,1.0,-1.0,2.52917627031671
-0.14480963496136834,-1.0,-0.0709641909008143,3.0105134383949803
-0.4713198168838879,0.15753360479699885,0.40585441923901167,-0.9398638759002905
-0.13712142784494374,-0.46190148746391246,0.36123318937748583,0.13614261215510376
0.8338156990628931,-0.21441635103024992,-1.0,-0.45439333186790964
1.0,0.3703560065161138,-0.22263203587009395,4.431386620598129
-0.35655095961837957,0.9405394060927172,-1.0,-1.7705590016926456
0.03865310253322862,0.027397599350109658,0.4569806660744915,0.857996495013655
0.5434301819016969,1.0,-0.10068763879818032,8.18844187649965
-1.0,0.8252935419244543,1.0,11.665805037916067
-0.5608225034308165,0.33164383951779897,0.17377639126832678,-0.8565948926030628
0.4609488373117876,0.6706250285423521,-0.07313192115094069,2.1837725807611212
1.0,-1.0,0.6587936003232573,-5.219081974767273
-0.37297714234743307,0.11576788924094106,-0.0656851112933372,-0.2883774887143694
0.48652825071080374,-0.2941748677450162,0.2354573678159233,1.7189389943716153
0.5560566341848379,0.8149816778221621,0.040554682236991324,2.705683929481562
1.0,-0.2929585713482328,0.04706151004284398,3.5045145295018663
-1.0,-1.0,-1.0,3.5569288526432086
-1.0,-0.18335620369588712,-1.0,8.254290701794881
0.5666370506676992,-0.9459354063991883,-1.0,-18.779772521056596
1.0,1.0,-0.5962727465649023,22.94380873350188
0.22091143501850374,-0.35349052489621857,-0.7005965249520736,0.8257045865840648
0.044725375914250076,1.0,0.20737053269671124,7.7998869363819985
-1.0,-0.4961285913714535,-1.0,6.057085373649628
0.16468543549411296,0.18482775627208148,0.5096286515527666,0.17181337772413618
-1.0,-0.11039995639494671,0.054827248662552064,-3.969137662150002
0.20804570641548303,-1.0,-0.01032057345976245,1.9416883221540555
-1.0,-0.32664239700690856,-0.6591468332577206,-0.6924804484269044
-0.15201619853221815,0.5720072212139689,0.8451872351788898,2.2849715952084173
0.12936474877636495,1.0,-1.0,4.880067627418335
0.689512005731143,-0.4274724922418145,-0.29887242171242123,0.8810325951409843
-0.12363907992704815,-0.32216576572901845,0.676480529512532,0.5157109861272337
-0.8609760058352967,-0.5835908063211444,-1.0,3.2992193575581545
-0.3578069908502468,0.5034743192971753,0.6287286349862586,-1.3215481915063265
-0.9954413215932074,0.9626923336043369,0.8927506790339967,6.390523613865809
0.4619804068918172,0.5261811239885201,0.4985890138238136,1.633191698528067
0.803521267313426,-0.1701337913858083,-0.07428017970132816,2.218284666596289
1.0,-0.0816337156250817,-0.4096429258907037,4.769355826587709
0.22939694770393904,1.0,1.0,9.232942658827664
-0.46576019586055284,0.7049652475059787,0.9030919693640176,4.879854723993583
-0.6810707755449359,0.4653464253748414,-0.6782063543718664,-1.033426205395316
0.5825166747197155,-1.0,1.0,-6.651431857334828
0.12348279564865594,-1.0,0.14503537370748432,3.330850465037078
0.3169216531692154,-0.6298826607548664,0.0530538907324698,1.0158460012916644
0.037894060054313616,-0.13090710563934405,-1.0,-3.1747054608244882
-0.48444403892567145,-0.2382257067082969,0.2686388547895098,0.32029451441404566
-0.33225413273123805,0.6392574561725888,1.0,6.575735471892582
-0.8048606819720745,0.890866392440915,-0.483166253536079,1.1124796888562782
-1.0,0.3003341554294332,-0.39489937218030313,-1.5133117724687168
-1.0,1.0,0.015525059841305033,8.112592564076477
0.12577482481450697,0.28063038790963346,0.20353464088602835,1.2112597049765474
-0.2964247963266673,-1.0,0.27336660238212107,3.481203947051817
0.34438558634858096,-0.6304488627053841,-0.011703129081306107,1.7444799801669095
-0.22980173073224575,0.4856508477484316,0.46071428656064084,-0.7024584834974265
1.0,-0.102957725502975,-0.6978170460915467,6.193979353872792
0.9278315662765946,0.3029905297111257,-0.43691980422735743,3.5833667319566374
0.6069972031602191,0.8000541385023343,-0.6102545679923959,3.3359232708193964
0.0010939315229236968,-0.7280413298002242,-1.0,-8.782323006491373
-0.7772499642493209,-0.19478710517025677,0.9289638339958173,1.6300491006557354
0.6630523056809969,-0.3652141323461533,-1.0,-5.370086444757188
-0.3527251084560179,-0.5622280169714693,-1.0,-4.065565781428872
1.0,0.7589080611957382,0.002335213687822524,7.956355508056514
0.6798365865822398,-0.31601778644579914,1.0,-1.7291681011750537
1.0,-0.039337630057662,-0.923722814436982,7.288321082159298
-0.28241052877085693,0.4674636374033385,0.5657225599974891,0.17967469127512614
-0.6041356122118435,0.12302447115148962,0.6719667963840616,-1.4558315967369335
0.24666787478840946,0.8545404809908943,0.8377642578555395,4.706411970462956
-1.0,-0.02787243676205553,-0.5514083461825978,-2.244506839953952
-1.0,0.3658252875890624,0.5767477045140619,-4.746132561373752
0.5642543732682996,0.7472967721754309,0.11610396839873593,1.958543458319361
1.0,1.0,-0.9536364017907313,37.71190088529003
-0.28062918872411835,-0.7211865763935008,-0.42542642193964597,1.530335652156788
-1.0,0.3451393523298192,0.3761763343747757,-4.549599037202306
1.0,-0.6028268149481182,0.23193102183112613,3.393196335630657
0.1283124034307883,-0.8037446783140547,-0.34502654254727605,2.8257330657512147
-0.6684212112026986,0.30389795532690256,0.48327338835216316,-1.7902882726743534
-0.27796278350427506,-0.6763674596415423,1.0,0.15344061802831988
0.7258125209937751,-1.0,1.0,-6.697501734306664
-0.8248346586472612,0.893428034590527,1.0,12.357821548718963
1.0,-1.0,1.0,-9.445509359451082
-1.0,0.5731642155410464,-0.6566686042759007,3.631948548065235
-1.0,0.14180285075409316,0.10167569064554027,-4.910846930410447
-0.6914017719922674,-0.9241840644020312,-0.0657485741369217,4.434817616499705
1.0,-1.0,-0.7124959182820414,-14.146691760911402
-0.6258317449134736,0.3336656195872272,-1.0,-0.50818342779853
0.14992333833540283,-0.7499374133671042,-0.9226725732379186,-6.551584629403039
-0.7976186060836545,-0.16783798618948698,0.5376604727672418,0.23722724734944034
-0.3206980463951541,0.35608940996308025,-1.0,-2.454885138793031
0.14744519330887518,1.0,-1.0,4.9682072281208995
-1.0,-1.0,1.0,21.974335042046654
-0.3076460406111925,-0.1406399153327722,0.3381763811546159,0.27607132980480603
-1.0,0.5831286128948612,1.0,5.937383761706174
-0.032120555995433175,-0.4105404559739898,-0.047150223572050454,1.2186255200432103
-0.29345805651235746,0.05886085680079867,1.0,1.551289455507265
0.24204514404204858,0.5087260801788371,-0.1371014397707031,1.726102841071766
-0.46455693856059144,-0.6360881223428279,-1.0,-3.9274410734984286
-1.0,0.1457083718165313,0.02334780301795858,-3.43110437647921
0.4766404560515962,0.27335762870701297,0.6007256400705645,1.2914712521155896
0.21094053069783314,-0.45466631180797124,-1.0,-5.407345962235802
1.0,0.1448250830361546,-1.0,9.755620258099583
1.0,-0.9885835589008316,0.4940518388268409,-5.661898522822326
-0.658469581027874,0.32483088371577806,0.9100322825839733,0.7968106595493228
0.6071362030857874,0.6211560090863528,-1.0,-1.5145568175293267
-0.1628914303395348,-0.11708199167710576,-0.5304827639536112,1.1077228635828407
0.45295636315756993,1.0,-1.0,6.174425770981228
-1.0,1.0,-0.05861253968486291,8.791883755941702
-0.49712431213795116,-1.0,1.0,-2.720870633865852
-0.49956073754102337,0.4461092512350766,-0.3773666621175038,-1.9988256584848707
-0.04301915414694113,-0.8214776902043988,0.6503109615267209,0.4213989725652755
-0.35611043955671984,0.691240670737151,-0.6908374708354867,-1.7530246722298304
0.09636188141973623,-0.4122208318022773,-0.2856365820889153,0.96521533542388
-0.0021478969435964057,-0.41658089035759516,0.6887503462545064,-0.11428551870372196
-0.19616025863932784,0.06162346866427981,-0.2947508685452802,0.22891998799064883
-0.8884649788910861,1.0,0.338312005961767,2.795571750822724
-1.0,0.849618759600689,-0.5762197788830172,6.678098058837424
-0.7513382555113455,-0.504054151984578,-0.7353666529057132,1.6870085671559447
0.283351266785393,-0.5552200554770472,1.0,-2.3117992607790416
0.39078374134335947,1.0,1.0,10.020885990904961
0.708818464641082,1.0,-1.0,12.915875229493817
-0.6045714368993045,-1.0,0.046021559484591856,4.275593372756041
0.059390961556363475,1.0,-0.47814512705097667,10.402143076947631
0.3337855269614569,0.16756469359274684,-1.0,-2.706757641739623
-0.6905093703733804,-0.09866503013011374,0.9002845110478417,0.1098834833828567
0.03525829342485376,-0.47495255957449234,0.03828363155209691,1.7791838624524177
-0.3119867887287524,0.04036865934859901,-0.6568437953097723,-0.04356001863030165
-0.1844299235104625,-1.0,0.921513470094335,-4.790030668405573
1.0,-0.021659226476352655,-0.6720790087577646,5.854964372932415
-0.6940733975442368,0.5983732088988498,-0.8608604756769482,-0.4863396654031209
0.24293959088117711,-0.4362026859632824,0.35316206614057166,1.5895688528956637
-0.9877075929946861,0.6536743172609816,1.0,7.7578124249392175
-0.10075173917741709,-0.42829768542553137,-0.29642359026687837,0.954421691570633
-0.3069257615993026,-0.32588288941797217,-0.05812692972208788,0.3190329207955037
-0.05862170515084397,-0.4799002321276893,-0.11218104514833782,0.24903924239757957
0.7482608536601245,0.08300508399534534,1.0,3.584123630536063
0.8182620788248176,-0.047082231644993255,0.938323432948013,3.4481707630222496
0.04993444333252106,0.8144161591922621,1.0,7.3369883655261425
1.0,0.04582104912716356,0.26020042440686075,5.9048581599773975
-0.4696921858132346,1.0,0.8135502878586656,9.911439414947854
-0.815322877764256,-0.3411096420713835,0.8679820920141887,2.8614684427630106
-0.3108079856661712,-0.4792813980642925,1.0,0.10028647591928144
1.0,-0.36728293787429434,-0.39540974502563997,4.970518526476255
-0.9166026024537732,0.802607221275148,-1.0,10.539958102588566
0.4859247457467324,0.9336208351124509,0.7492870468914277,6.857592273683101
-0.48564661936219866,-0.2429254724991592,-0.49602059864457315,0.17705272381876036
-0.7612407572586757,-0.6791970356172146,1.0,4.890217969480911
0.8308668923633062,0.14645737580351903,0.716372758615772,4.071413037346958
-1.0,-0.6708460930751912,-0.25426002008108894,0.798963814175381
0.7632622162143357,-0.5722428251695737,-0.19780177975978375,1.335847986410025
-0.7660170266548934,1.0,-0.13374303323146863,5.284045315467548
-1.0,-0.7739218322626684,0.43755844620510853,4.786639454388322
0.46577871711500674,0.02515043641110526,1.0,-0.02490524169175623
0.2643253670091956,-0.11543954031809056,0.03486244293097296,0.40401775515226035
0.5623719998520176,1.0,-0.12353987813025213,8.935158245325422
1.0,-0.7490560309773409,0.06463455969676812,2.401096704397203
0.22836260702003064,-0.007625871921315364,-1.0,-3.7678024622884494
-0.020156164291928347,0.298272273932465,1.0,1.6758331477353356
0.11173376102390242,-1.0,-0.7352265028912548,-4.915444729205916
0.48277617853161514,1.0,0.4674721555971362,7.12754269216197
0.6527596430431921,-0.3557391113711805,-0.29435122389575574,1.3651562105524297
0.30555646942869874,-0.7525916190002471,0.7889968833884065,-1.3120554871399617
0.18957814279162122,0.8861541056601114,-0.01368167819022692,3.3656327889415794
1.0,0.40753433511721826,-1.0,12.223009255574938
1.0,-1.0,0.6088322788096323,-6.835339237488685
0.3800012599305942,-1.0,1.0,-7.204492887429185
0.7410657863036594,-0.6367866090085132,0.032645929649592675,0.8119989822718832
0.6902679153311233,0.9323789864386496,-1.0,5.060600254394043
-0.3262605097531801,-0.4864378909577396,1.0,-0.016813172547530966
0.2306318752124885,1.0,-1.0,5.037120231628805
-1.0,1.0,-1.0,20.995555259409596
0.3889419274564738,-0.6575885301045967,-0.43550591637118297,1.538251591858884
0.36997303326401143,0.5545784352846426,0.5375774414699266,1.6506588689758503
-0.7223913681947647,-0.06669850538739319,1.0,2.469748623241143
1.0,1.0,-0.11458460348265787,15.545938271856503
-0.1456939546529039,-0.1498023757803808,-0.0033089978647000695,0.12540575936949677
1.0,-0.038169233199351504,-0.7778571544198196,7.050917851096558
-0.2762887114628825,0.7108198245375532,-1.0,-4.129496361731539
-0.035883721681207126,0.38625259977353,0.47600146023730594,0.4504443720707804
0.8435344523663475,-0.07680669088700665,-0.6592117530809762,2.468860481040866
-0.8348104672585979,-0.14489349860555678,0.7926973505987087,-0.06275877603832836
0.25362804431618247,-0.19740130218856322,0.346081735458325,0.6662651380194944
-0.7442835961627623,-0.3044323163114939,1.0,2.6459514676389295
-0.9730501428722047,0.6529754392180473,0.3368085753648953,-2.9594372509440925
0.2767935257846388,-1.0,0.5789752980220406,-0.3771633187474566
-1.0,0.7330563129112377,1.0,9.730078551923357
0.8064801690599943,0.22195799566119878,-0.7273825336798438,2.614931656383544
0.3609511002281691,1.0,0.20576795027499095,7.511190516037352
-1.0,1.0,0.5850129063478713,1.2293854063784706
1.0,-0.697304846636853,-0.5283310573467523,3.360211263866968
-0.9521511902951636,0.17864107410143792,-0.16178641869323984,-3.628522266481219
-0.4504547213815544,0.7605776584499089,-0.15916756143562782,-0.45090719736920487
0.5190812516282244,-0.1545620754515853,-0.4910605759847886,1.771752909711843
0.8588952703995449,0.6046320004628778,-0.2726961592922721,3.63134438520341
-0.5619504956615027,-0.41139247545183366,1.0,1.9195704662740318
0.0727423436128285,0.15238731279202722,0.10109804633536079,0.6944152173815608
-0.42943833330197934,0.1878158443661997,0.20578659958073264,-0.9558802775558013
-0.5842105170297207,-0.7915974340735998,0.4289897260851838,2.4350257749157316
0.32294699202814603,-0.586437210221463,-0.516158302387965,0.9293831822926211
0.7032434793784477,-0.952763627170363,0.703808873741252,-1.4492192889148086
1.0,-0.019674354004206807,0.6680340744815183,7.20057021437477
-1.0,0.13601177843260537,-0.4137625685599917,-2.497759321198433
-0.45694463528852247,-0.03562982699195616,-0.0950880396944751,-0.6594015871350145
0.7207724699947373,1.0,-0.2887339533627997,10.636239767560124
1.0,-1.0,-0.5769369860906637,-12.23232750723103
1.0,0.08948391256142263,-0.015514038697992616,5.047533317155954
-0.2569374726070235,-1.0,-0.4258011257777341,1.721729053611342
0.472899783024455,-0.42465593239990973,-0.7890457401402051,-0.634802570898144
0.04978065171717616,-0.9425970894966798,-0.49443829831498975,0.7915529126531302
0.05732797365740083,0.3715128459034891,0.26428529528534117,-0.3633961023470719
-0.8726939557799303,0.8041553207529095,-0.2744303764999714,-0.9090992280715735
-0.4497739646156098,0.7414968085106814,-1.0,-4.267951512707912
0.5312120880457141,-0.3352087494917102,-0.09366122323241077,0.9310596215684402
-0.30001927926441274,0.35521342685271895,-0.31467743111285795,-0.1393537764492389
-0.11933528750504441,0.09966806949864604,0.3369827700771675,0.1056358837864271
0.22944415074587177,0.6654112143126418,0.5894983090132422,1.584801459506397
1.0,0.06220936467484517,-0.8673427290105087,8.270726275157855
-1.0,1.0,-1.0,21.76169734333939
-1.0,0.6062693506429662,0.018812963076821454,-1.9890484352736206
1.0,-0.2104026911073995,1.0,9.275666647097395
-0.0468791577039398,-0.2519866453074111,-1.0,-4.28822900118546
-0.10066090165503816,-1.0,-0.238614358899091,3.0609173999345964
0.9772309137069009,-0.2259337890585098,-0.38158673414599775,3.966416993057408
-1.0,-0.5616663246761102,0.18841235603794493,0.26925895278857587
-1.0,-0.490216808696855,0.04458514171984529,-1.1538411086788092
-0.5058411488034049,0.28423136273293315,0.4116234031971464,-2.0035719519279254
